<EnrolCorporateMemberRequest
	xmlns:i="http://www.w3.org/2001/XMLSchema-instance"
	xmlns="http://schemas.datacontract.org/2004/07/QR.NGLMS.MemberMgmt.Api.Models">
	<Address1>AL MANARA BUILDING</Address1>
	<Address2 i:nil="true" />
	<Address3 i:nil="true" />
	<AddressForCommunication>Y</AddressForCommunication>
	<AddressType>OFC</AddressType>
	<AddressValid>Y</AddressValid>
	<City>DOH</City>
	<CommunicationDetails>
		<QBizCommunication>
			<ActionMode i:nil="true" />
			<CallingCode>974</CallingCode>
			<CountryCode>QA</CountryCode>
			<IsPhoneNumberChanged>false</IsPhoneNumberChanged>
			<PhoneNumber>55046999</PhoneNumber>
			<PhoneType>CEL</PhoneType>
			<Preferred>Y</Preferred>
			<Valid>Y</Valid>
		</QBizCommunication>
	</CommunicationDetails>
	<CompanyCode>FZA125</CompanyCode>
	<CompanyEmailId i:nil="true" />
	<CompanyName>WASCO COATINGS MIDDLE EAST QFZ LLC</CompanyName>
	<ContactType>SMEADMIN</ContactType>
	<Country>QA</Country>
	<CustomerReference>FZA125</CustomerReference>
	<CustomerStatus i:nil="true" />
	<DealCode>QAQ016X</DealCode>
	<EffectiveFrom>0001-01-01T00:00:00</EffectiveFrom>
	<EffectiveTo>0001-01-01T00:00:00</EffectiveTo>
	<EnrollmentDate>2021-10-07T09:40:05.1184854+03:00</EnrollmentDate>
	<FAX i:nil="true" />
	<FAXCountryCode i:nil="true" />
	<MemberCardName i:nil="true" />
	<OLDFFPNumber i:nil="true" />
	<POBox i:nil="true" />
	<PassortNumber i:nil="true" />
	<PassportExpiry>0001-01-01T00:00:00</PassportExpiry>
	<PassportIssueCountry i:nil="true" />
	<Phone1 i:nil="true" />
	<Phone2 i:nil="true" />
	<PostalOrZipcode>3603</PostalOrZipcode>
	<ProfileReferencekey>8f718aa1-693c-4342-8292-f9c8720a2468</ProfileReferencekey>
	<ProgramCode>QRBB</ProgramCode>
	<PromoCode i:nil="true" />
	<State i:nil="true" />
	<TierCode i:nil="true" />
	<TravelCoOrdinators>
		<QBIZTravelCoordinator>
			<ActionMode>I</ActionMode>
			<DOB i:nil="true" />
			<Department i:nil="true" />
			<EmailId>errol.dcunha@wascoenergy.com</EmailId>
			<FirstName>Errol Rohan</FirstName>
			<Gender i:nil="true" />
			<IDCardNumber i:nil="true" />
			<InactivateDate>0001-01-01T00:00:00</InactivateDate>
			<InactivatedBy i:nil="true" />
			<IsEmailIdChanged>false</IsEmailIdChanged>
			<JobTitle i:nil="true" />
			<LastName>Dcunha</LastName>
			<MiddleName i:nil="true" />
			<MobileCallingCode i:nil="true" />
			<MobileCountryCode i:nil="true" />
			<MobileNumber i:nil="true" />
			<Nationality i:nil="true" />
			<PassportNumber i:nil="true" />
			<PhoneNumber1 i:nil="true" />
			<PhoneNumber2 i:nil="true" />
			<ReasonForInactivation i:nil="true" />
			<TVCReferenceKey>d84b72cf-640b-4366-945f-3c2e401aac9a</TVCReferenceKey>
			<Title>MR</Title>
			<TravelCoOrdinatorType>SMEADMIN</TravelCoOrdinatorType>
			<joiningDate>0001-01-01T00:00:00</joiningDate>
		</QBIZTravelCoordinator>
	</TravelCoOrdinators>
	<channel>WEB</channel>
</EnrolCorporateMemberRequest>